{"cameraMode":{"drawMode":0,"name":"Shaded","section":"Shading Mode"},"sceneLighting":false,"audioPlay":false,"sceneViewState":{"m_AlwaysRefresh":false,"showFog":true,"showSkybox":false,"showFlares":true,"showImageEffects":true,"showParticleSystems":true,"showVisualEffectGraphs":true,"m_FxEnabled":true},"in2DMode":false,"pivot":{"x":-3.1604762077331545,"y":1.2499998807907105,"z":7.820627689361572},"rotation":{"x":0.005299101117998362,"y":0.9841328859329224,"z":-0.17482520639896394,"w":0.029829487204551698},"size":1.6859714984893799,"orthographic":false}