{"cameraMode":{"drawMode":0,"name":"Shaded","section":"Shading Mode"},"sceneLighting":true,"audioPlay":false,"sceneViewState":{"m_AlwaysRefresh":false,"showFog":true,"showSkybox":true,"showFlares":true,"showImageEffects":true,"showParticleSystems":true,"showVisualEffectGraphs":true,"m_FxEnabled":true},"in2DMode":false,"pivot":{"x":-4.114013671875,"y":9.044051170349121,"z":25.303993225097658},"rotation":{"x":0.005299101117998362,"y":0.9841328859329224,"z":-0.17482520639896394,"w":0.029829487204551698},"size":1.6859389543533326,"orthographic":false}