{"cameraMode":{"drawMode":0,"name":"Shaded","section":"Shading Mode"},"sceneLighting":true,"audioPlay":false,"sceneViewState":{"m_AlwaysRefresh":false,"showFog":true,"showSkybox":true,"showFlares":true,"showImageEffects":true,"showParticleSystems":true,"showVisualEffectGraphs":true,"m_FxEnabled":true},"in2DMode":false,"pivot":{"x":3.8456978797912599,"y":0.8553680181503296,"z":-0.026725739240646364},"rotation":{"x":-0.021449750289320947,"y":0.9620141983032227,"z":-0.26036083698272707,"w":-0.0792553648352623},"size":1.9809787273406983,"orthographic":false}